path,context,classification,coverage_or_rationale
src/rust/common/build.rs,build_only,excluded,"Build-time code, generated binding support, or proc-macro implementation; not part of the application runtime."
src/rust/common/src/env/add_lib_search_path.rs,non_realtime,planned_direct,"Instrument common tracing/logging setup, capture lifecycle, or long-running environment/filesystem/shell operation."
src/rust/common/src/env/mod.rs,non_realtime,planned_indirect,Covered by common setup/caller spans or excluded from separate zones as a trivial macro/module/constant helper.
src/rust/common/src/lib.rs,non_realtime,planned_indirect,Covered by common setup/caller spans or excluded from separate zones as a trivial macro/module/constant helper.
src/rust/common/src/logging/macros.rs,non_realtime,planned_indirect,Covered by common setup/caller spans or excluded from separate zones as a trivial macro/module/constant helper.
src/rust/common/src/logging/mod.rs,non_realtime,planned_indirect,Covered by common setup/caller spans or excluded from separate zones as a trivial macro/module/constant helper.
src/rust/common/src/logging/setup.rs,non_realtime,planned_direct,"Instrument common tracing/logging setup, capture lifecycle, or long-running environment/filesystem/shell operation."
src/rust/common/src/tracing_capture.rs,non_realtime,planned_direct,"Instrument common tracing/logging setup, capture lifecycle, or long-running environment/filesystem/shell operation."
src/rust/common/src/tracing_helpers.rs,non_realtime,planned_direct,"Instrument common tracing/logging setup, capture lifecycle, or long-running environment/filesystem/shell operation."
src/rust/common/src/util/copy_dir_merge.rs,non_realtime,planned_direct,"Instrument common tracing/logging setup, capture lifecycle, or long-running environment/filesystem/shell operation."
src/rust/common/src/util/mod.rs,non_realtime,planned_indirect,Covered by common setup/caller spans or excluded from separate zones as a trivial macro/module/constant helper.
src/rust/common/src/util/native_shell_command.rs,non_realtime,planned_direct,"Instrument common tracing/logging setup, capture lifecycle, or long-running environment/filesystem/shell operation."
src/rust/common/src/util/path_list_separator.rs,non_realtime,planned_indirect,Covered by common setup/caller spans or excluded from separate zones as a trivial macro/module/constant helper.
src/rust/config/build.rs,build_only,excluded,"Build-time code, generated binding support, or proc-macro implementation; not part of the application runtime."
src/rust/config/src/bin/print_configs_dir.rs,non_realtime,planned_direct,Instrument configuration discovery/loading or standalone configuration query lifecycle.
src/rust/config/src/config.rs,non_realtime,planned_direct,Instrument configuration discovery/loading or standalone configuration query lifecycle.
src/rust/config/src/lib.rs,non_realtime,planned_direct,Instrument configuration discovery/loading or standalone configuration query lifecycle.
src/rust/crashhandling/src/client.rs,non_realtime,planned_direct,"Instrument safe crash client/server setup, process/message lifecycle, and shutdown; exclude signal and atexit handlers at callsite."
src/rust/crashhandling/src/lib.rs,non_realtime,planned_direct,"Instrument safe crash client/server setup, process/message lifecycle, and shutdown; exclude signal and atexit handlers at callsite."
src/rust/crashhandling/src/registered_threads.rs,non_realtime,planned_indirect,Covered by crash client/server lifecycle spans; data registry/type operations do not need separate zones.
src/rust/crashhandling/src/server.rs,non_realtime,planned_direct,"Instrument safe crash client/server setup, process/message lifecycle, and shutdown; exclude signal and atexit handlers at callsite."
src/rust/crashhandling/src/types.rs,non_realtime,planned_indirect,Covered by crash client/server lifecycle spans; data registry/type operations do not need separate zones.
src/rust/cxx_qt_lib_shoop/build.rs,build_only,excluded,"Build-time code, generated binding support, or proc-macro implementation; not part of the application runtime."
src/rust/cxx_qt_lib_shoop/src/lib.rs,ffi_helper,planned_indirect,"Covered by the calling frontend operation; trivial Qt conversion, pointer, invokable, or accessor helper."
src/rust/cxx_qt_lib_shoop/src/rust/connect.rs,non_realtime,planned_direct,"Instrument meaningful QML registration, Qt thread, and connection helper crossings."
src/rust/cxx_qt_lib_shoop/src/rust/connection_types.rs,ffi_helper,planned_indirect,"Covered by the calling frontend operation; trivial Qt conversion, pointer, invokable, or accessor helper."
src/rust/cxx_qt_lib_shoop/src/rust/invokable.rs,ffi_helper,planned_indirect,"Covered by the calling frontend operation; trivial Qt conversion, pointer, invokable, or accessor helper."
src/rust/cxx_qt_lib_shoop/src/rust/mod.rs,ffi_helper,planned_indirect,"Covered by the calling frontend operation; trivial Qt conversion, pointer, invokable, or accessor helper."
src/rust/cxx_qt_lib_shoop/src/rust/qjsonobject.rs,ffi_helper,planned_indirect,"Covered by the calling frontend operation; trivial Qt conversion, pointer, invokable, or accessor helper."
src/rust/cxx_qt_lib_shoop/src/rust/qjsvalue.rs,ffi_helper,planned_indirect,"Covered by the calling frontend operation; trivial Qt conversion, pointer, invokable, or accessor helper."
src/rust/cxx_qt_lib_shoop/src/rust/qmetatype_helpers.rs,ffi_helper,planned_indirect,"Covered by the calling frontend operation; trivial Qt conversion, pointer, invokable, or accessor helper."
src/rust/cxx_qt_lib_shoop/src/rust/qobject.rs,ffi_helper,planned_indirect,"Covered by the calling frontend operation; trivial Qt conversion, pointer, invokable, or accessor helper."
src/rust/cxx_qt_lib_shoop/src/rust/qpointer.rs,ffi_helper,planned_indirect,"Covered by the calling frontend operation; trivial Qt conversion, pointer, invokable, or accessor helper."
src/rust/cxx_qt_lib_shoop/src/rust/qqmlerror.rs,ffi_helper,planned_indirect,"Covered by the calling frontend operation; trivial Qt conversion, pointer, invokable, or accessor helper."
src/rust/cxx_qt_lib_shoop/src/rust/qqmlerrorlist.rs,ffi_helper,planned_indirect,"Covered by the calling frontend operation; trivial Qt conversion, pointer, invokable, or accessor helper."
src/rust/cxx_qt_lib_shoop/src/rust/qquickitem.rs,ffi_helper,planned_indirect,"Covered by the calling frontend operation; trivial Qt conversion, pointer, invokable, or accessor helper."
src/rust/cxx_qt_lib_shoop/src/rust/qquickwindow_helpers.rs,ffi_helper,planned_indirect,"Covered by the calling frontend operation; trivial Qt conversion, pointer, invokable, or accessor helper."
src/rust/cxx_qt_lib_shoop/src/rust/qsharedpointer_qobject.rs,ffi_helper,planned_indirect,"Covered by the calling frontend operation; trivial Qt conversion, pointer, invokable, or accessor helper."
src/rust/cxx_qt_lib_shoop/src/rust/qsharedpointer_qvector_f32.rs,ffi_helper,planned_indirect,"Covered by the calling frontend operation; trivial Qt conversion, pointer, invokable, or accessor helper."
src/rust/cxx_qt_lib_shoop/src/rust/qsharedpointer_qvector_qvariant.rs,ffi_helper,planned_indirect,"Covered by the calling frontend operation; trivial Qt conversion, pointer, invokable, or accessor helper."
src/rust/cxx_qt_lib_shoop/src/rust/qsignalspy.rs,ffi_helper,planned_indirect,"Covered by the calling frontend operation; trivial Qt conversion, pointer, invokable, or accessor helper."
src/rust/cxx_qt_lib_shoop/src/rust/qthread.rs,non_realtime,planned_direct,"Instrument meaningful QML registration, Qt thread, and connection helper crossings."
src/rust/cxx_qt_lib_shoop/src/rust/qtimer.rs,ffi_helper,planned_indirect,"Covered by the calling frontend operation; trivial Qt conversion, pointer, invokable, or accessor helper."
src/rust/cxx_qt_lib_shoop/src/rust/qvariant_helpers.rs,ffi_helper,planned_indirect,"Covered by the calling frontend operation; trivial Qt conversion, pointer, invokable, or accessor helper."
src/rust/cxx_qt_lib_shoop/src/rust/qweakpointer_qobject.rs,ffi_helper,planned_indirect,"Covered by the calling frontend operation; trivial Qt conversion, pointer, invokable, or accessor helper."
src/rust/cxx_qt_lib_shoop/src/rust/register_qml_singletons.rs,non_realtime,planned_direct,"Instrument meaningful QML registration, Qt thread, and connection helper crossings."
src/rust/frontend/build.rs,build_only,excluded,"Build-time code, generated binding support, or proc-macro implementation; not part of the application runtime."
src/rust/frontend/src/any_backend_channel.rs,non_realtime,planned_indirect,"Covered by its named frontend renderer, GUI, Lua, MIDI, file-I/O, or control caller; leaf conversion/data algorithm gets no separate zone."
src/rust/frontend/src/any_backend_port.rs,non_realtime,planned_indirect,"Covered by its named frontend renderer, GUI, Lua, MIDI, file-I/O, or control caller; leaf conversion/data algorithm gets no separate zone."
src/rust/frontend/src/audio_power_pyramid.rs,non_realtime,planned_indirect,"Covered by its named frontend renderer, GUI, Lua, MIDI, file-I/O, or control caller; leaf conversion/data algorithm gets no separate zone."
src/rust/frontend/src/composite_loop_schedule.rs,non_realtime,planned_indirect,"Covered by its named frontend renderer, GUI, Lua, MIDI, file-I/O, or control caller; leaf conversion/data algorithm gets no separate zone."
src/rust/frontend/src/cxx_qt_shoop/mod.rs,non_realtime,planned_indirect,Module/export glue; covered by frontend initialization and application lifecycle spans.
src/rust/frontend/src/cxx_qt_shoop/rust/fn_qlist_helpers.rs,non_realtime,planned_indirect,"Covered by its named frontend renderer, GUI, Lua, MIDI, file-I/O, or control caller; leaf conversion/data algorithm gets no separate zone."
src/rust/frontend/src/cxx_qt_shoop/rust/fn_qml_debugging.rs,non_realtime,planned_indirect,"Covered by its named frontend renderer, GUI, Lua, MIDI, file-I/O, or control caller; leaf conversion/data algorithm gets no separate zone."
src/rust/frontend/src/cxx_qt_shoop/rust/fn_qvariantmap_helpers.rs,non_realtime,planned_indirect,"Covered by its named frontend renderer, GUI, Lua, MIDI, file-I/O, or control caller; leaf conversion/data algorithm gets no separate zone."
src/rust/frontend/src/cxx_qt_shoop/rust/fn_window_icons.rs,non_realtime,planned_indirect,"Covered by its named frontend renderer, GUI, Lua, MIDI, file-I/O, or control caller; leaf conversion/data algorithm gets no separate zone."
src/rust/frontend/src/cxx_qt_shoop/rust/mod.rs,non_realtime,planned_indirect,Module/export glue; covered by frontend initialization and application lifecycle spans.
src/rust/frontend/src/cxx_qt_shoop/rust/qobj_application.rs,non_realtime,planned_direct,"Instrument this frontend orchestration, worker, I/O, rendering, application, or QML lifecycle boundary."
src/rust/frontend/src/cxx_qt_shoop/rust/qobj_application_bridge.rs,ffi_declaration,excluded,CXX-Qt bridge declaration only; runtime work is covered in the paired Rust implementation.
src/rust/frontend/src/cxx_qt_shoop/rust/qobj_async_task.rs,non_realtime,planned_direct,"Instrument this frontend orchestration, worker, I/O, rendering, application, or QML lifecycle boundary."
src/rust/frontend/src/cxx_qt_shoop/rust/qobj_async_task_bridge.rs,ffi_declaration,excluded,CXX-Qt bridge declaration only; runtime work is covered in the paired Rust implementation.
src/rust/frontend/src/cxx_qt_shoop/rust/qobj_autoconnect.rs,non_realtime,planned_direct,"Instrument this frontend orchestration, worker, I/O, rendering, application, or QML lifecycle boundary."
src/rust/frontend/src/cxx_qt_shoop/rust/qobj_autoconnect_bridge.rs,ffi_declaration,excluded,CXX-Qt bridge declaration only; runtime work is covered in the paired Rust implementation.
src/rust/frontend/src/cxx_qt_shoop/rust/qobj_backend_wrapper.rs,non_realtime,planned_direct,Instrument frontend control/state-mirror refresh operations and stable state plots.
src/rust/frontend/src/cxx_qt_shoop/rust/qobj_backend_wrapper_bridge.rs,ffi_declaration,excluded,CXX-Qt bridge declaration only; runtime work is covered in the paired Rust implementation.
src/rust/frontend/src/cxx_qt_shoop/rust/qobj_click_track_generator.rs,non_realtime,planned_direct,"Instrument this frontend orchestration, worker, I/O, rendering, application, or QML lifecycle boundary."
src/rust/frontend/src/cxx_qt_shoop/rust/qobj_click_track_generator_bridge.rs,ffi_declaration,excluded,CXX-Qt bridge declaration only; runtime work is covered in the paired Rust implementation.
src/rust/frontend/src/cxx_qt_shoop/rust/qobj_composite_loop_gui.rs,non_realtime,planned_direct,Instrument frontend control/state-mirror refresh operations and stable state plots.
src/rust/frontend/src/cxx_qt_shoop/rust/qobj_composite_loop_gui_bridge.rs,ffi_declaration,excluded,CXX-Qt bridge declaration only; runtime work is covered in the paired Rust implementation.
src/rust/frontend/src/cxx_qt_shoop/rust/qobj_crash_handling.rs,non_realtime,planned_direct,"Instrument this frontend orchestration, worker, I/O, rendering, application, or QML lifecycle boundary."
src/rust/frontend/src/cxx_qt_shoop/rust/qobj_crash_handling_bridge.rs,ffi_declaration,excluded,CXX-Qt bridge declaration only; runtime work is covered in the paired Rust implementation.
src/rust/frontend/src/cxx_qt_shoop/rust/qobj_dummy_process_helper.rs,non_realtime,planned_direct,"Instrument this frontend orchestration, worker, I/O, rendering, application, or QML lifecycle boundary."
src/rust/frontend/src/cxx_qt_shoop/rust/qobj_dummy_process_helper_bridge.rs,ffi_declaration,excluded,CXX-Qt bridge declaration only; runtime work is covered in the paired Rust implementation.
src/rust/frontend/src/cxx_qt_shoop/rust/qobj_enums.rs,non_realtime,planned_indirect,"Covered by its named frontend renderer, GUI, Lua, MIDI, file-I/O, or control caller; leaf conversion/data algorithm gets no separate zone."
src/rust/frontend/src/cxx_qt_shoop/rust/qobj_enums_bridge.rs,ffi_declaration,excluded,CXX-Qt bridge declaration only; runtime work is covered in the paired Rust implementation.
src/rust/frontend/src/cxx_qt_shoop/rust/qobj_file_io.rs,non_realtime,planned_direct,"Instrument this frontend orchestration, worker, I/O, rendering, application, or QML lifecycle boundary."
src/rust/frontend/src/cxx_qt_shoop/rust/qobj_file_io_bridge.rs,ffi_declaration,excluded,CXX-Qt bridge declaration only; runtime work is covered in the paired Rust implementation.
src/rust/frontend/src/cxx_qt_shoop/rust/qobj_frontend_refresh.rs,non_realtime,planned_direct,Instrument refresh request/coalescing/timer/dispatch and frontend frame lifecycle.
src/rust/frontend/src/cxx_qt_shoop/rust/qobj_frontend_refresh_bridge.rs,ffi_declaration,excluded,CXX-Qt bridge declaration only; runtime work is covered in the paired Rust implementation.
src/rust/frontend/src/cxx_qt_shoop/rust/qobj_fx_chain_gui.rs,non_realtime,planned_direct,Instrument frontend control/state-mirror refresh operations and stable state plots.
src/rust/frontend/src/cxx_qt_shoop/rust/qobj_fx_chain_gui_bridge.rs,ffi_declaration,excluded,CXX-Qt bridge declaration only; runtime work is covered in the paired Rust implementation.
src/rust/frontend/src/cxx_qt_shoop/rust/qobj_global_utils.rs,non_realtime,planned_direct,"Instrument this frontend orchestration, worker, I/O, rendering, application, or QML lifecycle boundary."
src/rust/frontend/src/cxx_qt_shoop/rust/qobj_global_utils_bridge.rs,ffi_declaration,excluded,CXX-Qt bridge declaration only; runtime work is covered in the paired Rust implementation.
src/rust/frontend/src/cxx_qt_shoop/rust/qobj_key_modifiers.rs,non_realtime,planned_indirect,"Covered by its named frontend renderer, GUI, Lua, MIDI, file-I/O, or control caller; leaf conversion/data algorithm gets no separate zone."
src/rust/frontend/src/cxx_qt_shoop/rust/qobj_key_modifiers_bridge.rs,ffi_declaration,excluded,CXX-Qt bridge declaration only; runtime work is covered in the paired Rust implementation.
src/rust/frontend/src/cxx_qt_shoop/rust/qobj_logger.rs,non_realtime,excluded,Logging adapter; tracing it would recurse into the tracing/logging pipeline.
src/rust/frontend/src/cxx_qt_shoop/rust/qobj_logger_bridge.rs,ffi_declaration,excluded,CXX-Qt bridge declaration only; runtime work is covered in the paired Rust implementation.
src/rust/frontend/src/cxx_qt_shoop/rust/qobj_loop_channel_gui.rs,non_realtime,planned_direct,Instrument frontend control/state-mirror refresh operations and stable state plots.
src/rust/frontend/src/cxx_qt_shoop/rust/qobj_loop_channel_gui_bridge.rs,ffi_declaration,excluded,CXX-Qt bridge declaration only; runtime work is covered in the paired Rust implementation.
src/rust/frontend/src/cxx_qt_shoop/rust/qobj_loop_gui.rs,non_realtime,planned_direct,Instrument frontend control/state-mirror refresh operations and stable state plots.
src/rust/frontend/src/cxx_qt_shoop/rust/qobj_loop_gui_bridge.rs,ffi_declaration,excluded,CXX-Qt bridge declaration only; runtime work is covered in the paired Rust implementation.
src/rust/frontend/src/cxx_qt_shoop/rust/qobj_lua_engine.rs,non_realtime,planned_direct,Instrument Lua evaluation and callback boundaries with bounded metadata.
src/rust/frontend/src/cxx_qt_shoop/rust/qobj_lua_engine_bridge.rs,ffi_declaration,excluded,CXX-Qt bridge declaration only; runtime work is covered in the paired Rust implementation.
src/rust/frontend/src/cxx_qt_shoop/rust/qobj_midi_control_port.rs,non_realtime,planned_direct,Instrument frontend control/state-mirror refresh operations and stable state plots.
src/rust/frontend/src/cxx_qt_shoop/rust/qobj_midi_control_port_bridge.rs,ffi_declaration,excluded,CXX-Qt bridge declaration only; runtime work is covered in the paired Rust implementation.
src/rust/frontend/src/cxx_qt_shoop/rust/qobj_os_utils.rs,non_realtime,planned_direct,"Instrument this frontend orchestration, worker, I/O, rendering, application, or QML lifecycle boundary."
src/rust/frontend/src/cxx_qt_shoop/rust/qobj_os_utils_bridge.rs,ffi_declaration,excluded,CXX-Qt bridge declaration only; runtime work is covered in the paired Rust implementation.
src/rust/frontend/src/cxx_qt_shoop/rust/qobj_port_gui.rs,non_realtime,planned_direct,Instrument frontend control/state-mirror refresh operations and stable state plots.
src/rust/frontend/src/cxx_qt_shoop/rust/qobj_port_gui_bridge.rs,ffi_declaration,excluded,CXX-Qt bridge declaration only; runtime work is covered in the paired Rust implementation.
src/rust/frontend/src/cxx_qt_shoop/rust/qobj_qmlengine.rs,non_realtime,planned_direct,"Instrument this frontend orchestration, worker, I/O, rendering, application, or QML lifecycle boundary."
src/rust/frontend/src/cxx_qt_shoop/rust/qobj_qmlengine_bridge.rs,ffi_declaration,excluded,CXX-Qt bridge declaration only; runtime work is covered in the paired Rust implementation.
src/rust/frontend/src/cxx_qt_shoop/rust/qobj_release_focus_notifier.rs,non_realtime,planned_indirect,"Covered by its named frontend renderer, GUI, Lua, MIDI, file-I/O, or control caller; leaf conversion/data algorithm gets no separate zone."
src/rust/frontend/src/cxx_qt_shoop/rust/qobj_release_focus_notifier_bridge.rs,ffi_declaration,excluded,CXX-Qt bridge declaration only; runtime work is covered in the paired Rust implementation.
src/rust/frontend/src/cxx_qt_shoop/rust/qobj_render_audio_waveform.rs,non_realtime,planned_direct,"Instrument this frontend orchestration, worker, I/O, rendering, application, or QML lifecycle boundary."
src/rust/frontend/src/cxx_qt_shoop/rust/qobj_render_audio_waveform_bridge.rs,ffi_declaration,excluded,CXX-Qt bridge declaration only; runtime work is covered in the paired Rust implementation.
src/rust/frontend/src/cxx_qt_shoop/rust/qobj_render_midi_sequence.rs,non_realtime,planned_direct,"Instrument this frontend orchestration, worker, I/O, rendering, application, or QML lifecycle boundary."
src/rust/frontend/src/cxx_qt_shoop/rust/qobj_render_midi_sequence_bridge.rs,ffi_declaration,excluded,CXX-Qt bridge declaration only; runtime work is covered in the paired Rust implementation.
src/rust/frontend/src/cxx_qt_shoop/rust/qobj_schema_validator.rs,non_realtime,planned_direct,"Instrument this frontend orchestration, worker, I/O, rendering, application, or QML lifecycle boundary."
src/rust/frontend/src/cxx_qt_shoop/rust/qobj_schema_validator_bridge.rs,ffi_declaration,excluded,CXX-Qt bridge declaration only; runtime work is covered in the paired Rust implementation.
src/rust/frontend/src/cxx_qt_shoop/rust/qobj_session_control_handler.rs,non_realtime,planned_direct,"Instrument this frontend orchestration, worker, I/O, rendering, application, or QML lifecycle boundary."
src/rust/frontend/src/cxx_qt_shoop/rust/qobj_session_control_handler_bridge.rs,ffi_declaration,excluded,CXX-Qt bridge declaration only; runtime work is covered in the paired Rust implementation.
src/rust/frontend/src/cxx_qt_shoop/rust/qobj_settings_io.rs,non_realtime,planned_direct,"Instrument this frontend orchestration, worker, I/O, rendering, application, or QML lifecycle boundary."
src/rust/frontend/src/cxx_qt_shoop/rust/qobj_settings_io_bridge.rs,ffi_declaration,excluded,CXX-Qt bridge declaration only; runtime work is covered in the paired Rust implementation.
src/rust/frontend/src/cxx_qt_shoop/rust/qobj_test_screen_grabber.rs,non_realtime,planned_direct,"Instrument this frontend orchestration, worker, I/O, rendering, application, or QML lifecycle boundary."
src/rust/frontend/src/cxx_qt_shoop/rust/qobj_test_screen_grabber_bridge.rs,ffi_declaration,excluded,CXX-Qt bridge declaration only; runtime work is covered in the paired Rust implementation.
src/rust/frontend/src/cxx_qt_shoop/rust/test/mod.rs,non_realtime,planned_indirect,Module/export glue; covered by frontend initialization and application lifecycle spans.
src/rust/frontend/src/cxx_qt_shoop/rust/test/qobj_generic_test_item.rs,non_realtime,planned_indirect,"Covered by its named frontend renderer, GUI, Lua, MIDI, file-I/O, or control caller; leaf conversion/data algorithm gets no separate zone."
src/rust/frontend/src/cxx_qt_shoop/rust/test/qobj_generic_test_item_bridge.rs,ffi_declaration,excluded,CXX-Qt bridge declaration only; runtime work is covered in the paired Rust implementation.
src/rust/frontend/src/cxx_qt_shoop/rust/test/qobj_test_backend_wrapper.rs,non_realtime,planned_direct,"Instrument this frontend orchestration, worker, I/O, rendering, application, or QML lifecycle boundary."
src/rust/frontend/src/cxx_qt_shoop/rust/test/qobj_test_backend_wrapper_bridge.rs,ffi_declaration,excluded,CXX-Qt bridge declaration only; runtime work is covered in the paired Rust implementation.
src/rust/frontend/src/cxx_qt_shoop/rust/test/qobj_test_file_runner.rs,non_realtime,planned_direct,Existing direct capture and per-file test lifecycle spans/events; extend only as needed for capture evidence.
src/rust/frontend/src/cxx_qt_shoop/rust/test/qobj_test_file_runner_bridge.rs,ffi_declaration,excluded,CXX-Qt bridge declaration only; runtime work is covered in the paired Rust implementation.
src/rust/frontend/src/cxx_qt_shoop/rust/test/qobj_test_port.rs,non_realtime,planned_indirect,"Covered by its named frontend renderer, GUI, Lua, MIDI, file-I/O, or control caller; leaf conversion/data algorithm gets no separate zone."
src/rust/frontend/src/cxx_qt_shoop/rust/test/qobj_test_port_bridge.rs,ffi_declaration,excluded,CXX-Qt bridge declaration only; runtime work is covered in the paired Rust implementation.
src/rust/frontend/src/cxx_qt_shoop/rust/type_external_port_descriptor.rs,non_realtime,planned_indirect,"Covered by its named frontend renderer, GUI, Lua, MIDI, file-I/O, or control caller; leaf conversion/data algorithm gets no separate zone."
src/rust/frontend/src/frontend_refresh.rs,non_realtime,planned_direct,Instrument refresh request/coalescing/timer/dispatch and frontend frame lifecycle.
src/rust/frontend/src/init.rs,non_realtime,planned_direct,"Instrument this frontend orchestration, worker, I/O, rendering, application, or QML lifecycle boundary."
src/rust/frontend/src/lib.rs,non_realtime,planned_indirect,Module/export glue; covered by frontend initialization and application lifecycle spans.
src/rust/frontend/src/loop_helpers.rs,non_realtime,planned_indirect,"Covered by its named frontend renderer, GUI, Lua, MIDI, file-I/O, or control caller; leaf conversion/data algorithm gets no separate zone."
src/rust/frontend/src/loop_mode_helpers.rs,non_realtime,planned_indirect,"Covered by its named frontend renderer, GUI, Lua, MIDI, file-I/O, or control caller; leaf conversion/data algorithm gets no separate zone."
src/rust/frontend/src/lua_callback.rs,non_realtime,planned_direct,Instrument Lua evaluation and callback boundaries with bounded metadata.
src/rust/frontend/src/lua_conversions.rs,non_realtime,planned_indirect,"Covered by its named frontend renderer, GUI, Lua, MIDI, file-I/O, or control caller; leaf conversion/data algorithm gets no separate zone."
src/rust/frontend/src/lua_engine.rs,non_realtime,planned_direct,Instrument Lua evaluation and callback boundaries with bounded metadata.
src/rust/frontend/src/lua_qobject_callback.rs,non_realtime,planned_direct,Instrument Lua evaluation and callback boundaries with bounded metadata.
src/rust/frontend/src/midi_event_helpers.rs,non_realtime,planned_indirect,"Covered by its named frontend renderer, GUI, Lua, MIDI, file-I/O, or control caller; leaf conversion/data algorithm gets no separate zone."
src/rust/frontend/src/midi_io.rs,non_realtime,planned_direct,"Instrument this frontend orchestration, worker, I/O, rendering, application, or QML lifecycle boundary."
src/rust/frontend/src/profiling_report.rs,non_realtime,planned_indirect,"Covered by its named frontend renderer, GUI, Lua, MIDI, file-I/O, or control caller; leaf conversion/data algorithm gets no separate zone."
src/rust/frontend/src/references_qobject.rs,non_realtime,planned_indirect,"Covered by its named frontend renderer, GUI, Lua, MIDI, file-I/O, or control caller; leaf conversion/data algorithm gets no separate zone."
src/rust/frontend/src/smf.rs,non_realtime,planned_direct,"Instrument this frontend orchestration, worker, I/O, rendering, application, or QML lifecycle boundary."
src/rust/frontend/src/test_results.rs,non_realtime,planned_indirect,"Covered by its named frontend renderer, GUI, Lua, MIDI, file-I/O, or control caller; leaf conversion/data algorithm gets no separate zone."
src/rust/macros/src/lib.rs,build_only,excluded,"Build-time code, generated binding support, or proc-macro implementation; not part of the application runtime."
src/rust/midi_processing/src/lib.rs,non_realtime,planned_direct,"Instrument public MIDI batch parse/filter operations using counts only, never event payloads."
src/rust/packaging/src/binaries_for_test.rs,tooling,planned_indirect,"Covered by packaging scan/subcommand spans; leaf matching, format parsing, and path manipulation get no separate zones."
src/rust/packaging/src/dependencies.rs,tooling,planned_direct,"Instrument packaging command/subcommand and long-running scan, dependency, filesystem, or archive stages."
src/rust/packaging/src/deps_walker.rs,tooling,planned_direct,"Instrument packaging command/subcommand and long-running scan, dependency, filesystem, or archive stages."
src/rust/packaging/src/fs_helpers.rs,tooling,planned_direct,"Instrument packaging command/subcommand and long-running scan, dependency, filesystem, or archive stages."
src/rust/packaging/src/lib.rs,tooling,planned_indirect,"Covered by packaging scan/subcommand spans; leaf matching, format parsing, and path manipulation get no separate zones."
src/rust/packaging/src/list_matcher.rs,tooling,planned_indirect,"Covered by packaging scan/subcommand spans; leaf matching, format parsing, and path manipulation get no separate zones."
src/rust/packaging/src/macho.rs,tooling,planned_indirect,"Covered by packaging scan/subcommand spans; leaf matching, format parsing, and path manipulation get no separate zones."
src/rust/packaging/src/macho_resolve.rs,tooling,planned_indirect,"Covered by packaging scan/subcommand spans; leaf matching, format parsing, and path manipulation get no separate zones."
src/rust/packaging/src/main.rs,tooling,planned_direct,"Instrument packaging command/subcommand and long-running scan, dependency, filesystem, or archive stages."
src/rust/packaging/src/os_dependent_modules/linux_appdir.rs,tooling,planned_direct,"Instrument packaging command/subcommand and long-running scan, dependency, filesystem, or archive stages."
src/rust/packaging/src/os_dependent_modules/linux_appimage.rs,tooling,planned_direct,"Instrument packaging command/subcommand and long-running scan, dependency, filesystem, or archive stages."
src/rust/packaging/src/os_dependent_modules/macos_appbundle.rs,tooling,planned_direct,"Instrument packaging command/subcommand and long-running scan, dependency, filesystem, or archive stages."
src/rust/packaging/src/os_dependent_modules/mod.rs,tooling,planned_indirect,"Covered by packaging scan/subcommand spans; leaf matching, format parsing, and path manipulation get no separate zones."
src/rust/packaging/src/os_dependent_modules/windows_portable_folder.rs,tooling,planned_direct,"Instrument packaging command/subcommand and long-running scan, dependency, filesystem, or archive stages."
src/rust/packaging/src/pe.rs,tooling,planned_indirect,"Covered by packaging scan/subcommand spans; leaf matching, format parsing, and path manipulation get no separate zones."
src/rust/packaging/src/portable_folder_common.rs,tooling,planned_direct,"Instrument packaging command/subcommand and long-running scan, dependency, filesystem, or archive stages."
src/rust/packaging/src/remove_subpaths.rs,tooling,planned_indirect,"Covered by packaging scan/subcommand spans; leaf matching, format parsing, and path manipulation get no separate zones."
src/rust/packaging/src/scan.rs,tooling,planned_direct,"Instrument packaging command/subcommand and long-running scan, dependency, filesystem, or archive stages."
src/rust/qt_header_bindings/build.rs,build_only,excluded,"Build-time code, generated binding support, or proc-macro implementation; not part of the application runtime."
src/rust/qt_header_bindings/src/codegen/qt_header_bindings.rs,build_only,excluded,"Build-time code, generated binding support, or proc-macro implementation; not part of the application runtime."
src/rust/qt_header_bindings/src/ffi.rs,build_only,excluded,"Build-time code, generated binding support, or proc-macro implementation; not part of the application runtime."
src/rust/qt_header_bindings/src/lib.rs,build_only,excluded,"Build-time code, generated binding support, or proc-macro implementation; not part of the application runtime."
src/rust/shoop_engine/src/app_backend.rs,non_realtime,planned_direct,"Instrument engine control, graph, profiling, composite compilation, state, or tracing-gate operation boundaries."
src/rust/shoop_engine/src/audio_channel.rs,realtime_or_callback,planned_direct,Direct gated Tracy coverage at the corresponding engine.rt callback/session/port/channel/loop/composite/FX processing boundary.
src/rust/shoop_engine/src/audio_midi_loop.rs,realtime_or_callback,planned_direct,Direct gated Tracy coverage at the corresponding engine.rt callback/session/port/channel/loop/composite/FX processing boundary.
src/rust/shoop_engine/src/basic_loop.rs,realtime_or_callback,planned_direct,Direct gated Tracy coverage at the corresponding engine.rt callback/session/port/channel/loop/composite/FX processing boundary.
src/rust/shoop_engine/src/buffer_queue.rs,realtime_leaf,planned_indirect,Covered by a named engine.rt session/port/channel/loop/MIDI stage; no separate zone in this hot leaf data structure or algorithm.
src/rust/shoop_engine/src/channel_mode.rs,realtime_leaf,planned_indirect,Covered by a named engine.rt session/port/channel/loop/MIDI stage; no separate zone in this hot leaf data structure or algorithm.
src/rust/shoop_engine/src/chunked_samples.rs,realtime_leaf,planned_indirect,Covered by a named engine.rt session/port/channel/loop/MIDI stage; no separate zone in this hot leaf data structure or algorithm.
src/rust/shoop_engine/src/composite_plan.rs,non_realtime,planned_direct,"Instrument engine control, graph, profiling, composite compilation, state, or tracing-gate operation boundaries."
src/rust/shoop_engine/src/composite_runtime.rs,realtime_or_callback,planned_direct,Direct gated Tracy coverage at the corresponding engine.rt callback/session/port/channel/loop/composite/FX processing boundary.
src/rust/shoop_engine/src/composite_semantics.rs,non_realtime,planned_direct,"Instrument engine control, graph, profiling, composite compilation, state, or tracing-gate operation boundaries."
src/rust/shoop_engine/src/composite_timeline.rs,realtime_or_callback,planned_direct,Direct gated Tracy coverage at the corresponding engine.rt callback/session/port/channel/loop/composite/FX processing boundary.
src/rust/shoop_engine/src/cpal_mock.rs,mixed_control_and_callback,planned_direct,Instrument non-realtime lifecycle plus gated callback/driver/staging boundary where this module owns meaningful work.
src/rust/shoop_engine/src/decoupled_midi_port.rs,realtime_or_callback,planned_direct,Direct gated Tracy coverage at the corresponding engine.rt callback/session/port/channel/loop/composite/FX processing boundary.
src/rust/shoop_engine/src/driver.rs,mixed_control_and_callback,planned_direct,Instrument non-realtime lifecycle plus gated callback/driver/staging boundary where this module owns meaningful work.
src/rust/shoop_engine/src/dummy_driver.rs,realtime_or_callback,planned_direct,Direct gated Tracy coverage at the corresponding engine.rt callback/session/port/channel/loop/composite/FX processing boundary.
src/rust/shoop_engine/src/dummy_midi_port.rs,mixed_control_and_callback,planned_direct,Instrument non-realtime lifecycle plus gated callback/driver/staging boundary where this module owns meaningful work.
src/rust/shoop_engine/src/dummy_port.rs,mixed_control_and_callback,planned_direct,Instrument non-realtime lifecycle plus gated callback/driver/staging boundary where this module owns meaningful work.
src/rust/shoop_engine/src/engine.rs,realtime_or_callback,planned_direct,Direct gated Tracy coverage at the corresponding engine.rt callback/session/port/channel/loop/composite/FX processing boundary.
src/rust/shoop_engine/src/external_audio_port.rs,realtime_or_callback,planned_direct,Direct gated Tracy coverage at the corresponding engine.rt callback/session/port/channel/loop/composite/FX processing boundary.
src/rust/shoop_engine/src/external_midi_port.rs,realtime_or_callback,planned_direct,Direct gated Tracy coverage at the corresponding engine.rt callback/session/port/channel/loop/composite/FX processing boundary.
src/rust/shoop_engine/src/fx_chain.rs,realtime_or_callback,planned_direct,Direct gated Tracy coverage at the corresponding engine.rt callback/session/port/channel/loop/composite/FX processing boundary.
src/rust/shoop_engine/src/graph.rs,non_realtime,planned_direct,"Instrument engine control, graph, profiling, composite compilation, state, or tracing-gate operation boundaries."
src/rust/shoop_engine/src/graph_build.rs,non_realtime,planned_direct,"Instrument engine control, graph, profiling, composite compilation, state, or tracing-gate operation boundaries."
src/rust/shoop_engine/src/graph_scheduler.rs,mixed_control_and_callback,planned_direct,Instrument non-realtime lifecycle plus gated callback/driver/staging boundary where this module owns meaningful work.
src/rust/shoop_engine/src/internal_audio_port.rs,mixed_control_and_callback,planned_direct,Instrument non-realtime lifecycle plus gated callback/driver/staging boundary where this module owns meaningful work.
src/rust/shoop_engine/src/lib.rs,module_glue,planned_indirect,"Module/export glue; covered by engine, session, driver, and app-backend entrypoints."
src/rust/shoop_engine/src/loop_mode.rs,realtime_leaf,planned_indirect,Covered by a named engine.rt session/port/channel/loop/MIDI stage; no separate zone in this hot leaf data structure or algorithm.
src/rust/shoop_engine/src/lv2_carla.rs,mixed_control_and_callback,planned_direct,Instrument non-realtime lifecycle plus gated callback/driver/staging boundary where this module owns meaningful work.
src/rust/shoop_engine/src/midi.rs,realtime_leaf,planned_indirect,Covered by a named engine.rt session/port/channel/loop/MIDI stage; no separate zone in this hot leaf data structure or algorithm.
src/rust/shoop_engine/src/midi_buffering_input_port.rs,realtime_or_callback,planned_direct,Direct gated Tracy coverage at the corresponding engine.rt callback/session/port/channel/loop/composite/FX processing boundary.
src/rust/shoop_engine/src/midi_channel.rs,realtime_or_callback,planned_direct,Direct gated Tracy coverage at the corresponding engine.rt callback/session/port/channel/loop/composite/FX processing boundary.
src/rust/shoop_engine/src/midi_event.rs,realtime_leaf,planned_indirect,Covered by a named engine.rt session/port/channel/loop/MIDI stage; no separate zone in this hot leaf data structure or algorithm.
src/rust/shoop_engine/src/midi_port.rs,realtime_or_callback,planned_direct,Direct gated Tracy coverage at the corresponding engine.rt callback/session/port/channel/loop/composite/FX processing boundary.
src/rust/shoop_engine/src/midi_ringbuffer.rs,realtime_leaf,planned_indirect,Covered by a named engine.rt session/port/channel/loop/MIDI stage; no separate zone in this hot leaf data structure or algorithm.
src/rust/shoop_engine/src/midi_sorting_buffer.rs,realtime_leaf,planned_indirect,Covered by a named engine.rt session/port/channel/loop/MIDI stage; no separate zone in this hot leaf data structure or algorithm.
src/rust/shoop_engine/src/midi_state.rs,realtime_leaf,planned_indirect,Covered by a named engine.rt session/port/channel/loop/MIDI stage; no separate zone in this hot leaf data structure or algorithm.
src/rust/shoop_engine/src/midi_storage.rs,realtime_leaf,planned_indirect,Covered by a named engine.rt session/port/channel/loop/MIDI stage; no separate zone in this hot leaf data structure or algorithm.
src/rust/shoop_engine/src/midir_driver.rs,mixed_control_and_callback,planned_direct,Instrument non-realtime lifecycle plus gated callback/driver/staging boundary where this module owns meaningful work.
src/rust/shoop_engine/src/multichannel_audio.rs,realtime_leaf,planned_indirect,Covered by a named engine.rt session/port/channel/loop/MIDI stage; no separate zone in this hot leaf data structure or algorithm.
src/rust/shoop_engine/src/port.rs,realtime_or_callback,planned_direct,Direct gated Tracy coverage at the corresponding engine.rt callback/session/port/channel/loop/composite/FX processing boundary.
src/rust/shoop_engine/src/profiling.rs,mixed_support,planned_direct,"Instrument engine control, graph, profiling, composite compilation, state, or tracing-gate operation boundaries."
src/rust/shoop_engine/src/realtime_alloc_guard.rs,mixed_support,planned_direct,"Instrument engine control, graph, profiling, composite compilation, state, or tracing-gate operation boundaries."
src/rust/shoop_engine/src/resample.rs,realtime_leaf,planned_indirect,Covered by a named engine.rt session/port/channel/loop/MIDI stage; no separate zone in this hot leaf data structure or algorithm.
src/rust/shoop_engine/src/session.rs,realtime_or_callback,planned_direct,Direct gated Tracy coverage at the corresponding engine.rt callback/session/port/channel/loop/composite/FX processing boundary.
src/rust/shoop_engine/src/state.rs,mixed_control_and_callback,planned_direct,Instrument non-realtime lifecycle plus gated callback/driver/staging boundary where this module owns meaningful work.
src/rust/shoop_engine/src/state_mirror.rs,mixed_control_and_callback,planned_direct,Instrument non-realtime lifecycle plus gated callback/driver/staging boundary where this module owns meaningful work.
src/rust/shoop_engine/src/wave_generator.rs,realtime_leaf,planned_indirect,Covered by a named engine.rt session/port/channel/loop/MIDI stage; no separate zone in this hot leaf data structure or algorithm.
src/rust/shoopdaloop/build.rs,build_only,excluded,"Build-time code, generated binding support, or proc-macro implementation; not part of the application runtime."
src/rust/shoopdaloop/src/audio_driver_names.rs,non_realtime,planned_indirect,Covered by application bootstrap or standalone query caller; constants/export glue get no separate zone.
src/rust/shoopdaloop/src/bin/print_shoopdaloop_out_dir.rs,non_realtime,planned_indirect,Covered by application bootstrap or standalone query caller; constants/export glue get no separate zone.
src/rust/shoopdaloop/src/cli_args.rs,non_realtime,planned_direct,"Instrument CLI parsing/activation, bootstrap, app lifecycle, configuration, event loop, and shutdown."
src/rust/shoopdaloop/src/global_qml_settings.rs,non_realtime,planned_direct,"Instrument CLI parsing/activation, bootstrap, app lifecycle, configuration, event loop, and shutdown."
src/rust/shoopdaloop/src/lib.rs,non_realtime,planned_indirect,Covered by application bootstrap or standalone query caller; constants/export glue get no separate zone.
src/rust/shoopdaloop/src/lib_impl.rs,non_realtime,planned_direct,"Instrument CLI parsing/activation, bootstrap, app lifecycle, configuration, event loop, and shutdown."
src/rust/shoopdaloop/src/main.rs,non_realtime,planned_direct,"Instrument CLI parsing/activation, bootstrap, app lifecycle, configuration, event loop, and shutdown."
src/rust/shoopdaloop/src/main_impl.rs,non_realtime,planned_direct,"Instrument CLI parsing/activation, bootstrap, app lifecycle, configuration, event loop, and shutdown."
